system.number,seqid,system,target.name,hmm.accession,hmm.name,protein.name,full.seq.E.value,domain.iE.value,target.coverage,hmm.coverage,start,end,strand,target.description,relative.position,contig.end,all.domains,best.hits
2,1,VSPR,1_254,PDLC03361,MTase_II_00147,MTase_II,2.3999999999999992e-248,2.699999999999999e-248,0.994,0.996,265496,266926,+,-,254,468,"PDLC03361,MTase_II_00147, 1, 2.7e-248, 0.994, 0.996 | PDLC03343,MTase_II_00129, 1, 3.8e-09, 0.432, 0.368 | PDLC03343,MTase_II_00129, 2, 400, 0.09, 0.082 | PDLC03231,MTase_II_00017, 1, 5.2e-08, 0.415, 0.406 | PDLC03231,MTase_II_00017, 2, 0.9, 0.099, 0.086 | PDLC03243,MTase_II_00029, 1, 3e-18, 0.421, 0.448 | PDLC03243,MTase_II_00029, 2, 9.7e-05, 0.126, 0.151 | PDLC03272,MTase_II_00058, 1, 3.7e-90, 0.795, 0.803 | PDLC03254,MTase_II_00040, 1, 4.3e-10, 0.346, 0.362 | PDLC03254,MTase_II_00040, 2, 1100, 0.09, 0.109 | PDLC03329,MTase_II_00115, 1, 3.8e-19, 0.428, 0.452 | PDLC03329,MTase_II_00115, 2, 7.1e-05, 0.306, 0.334 | PDLC03324,MTase_II_00110, 1, 3e-10, 0.403, 0.387 | PDLC03324,MTase_II_00110, 2, 440, 0.09, 0.115 | PDLC03381,MTase_II_00167, 1, 5.1e-08, 0.411, 0.434 | PDLC03381,MTase_II_00167, 2, 68, 0.113, 0.126 | PDLC03223,MTase_II_00009, 1, 7.3e-08, 0.419, 0.443 | PDLC03304,MTase_II_00090, 1, 3.1e-07, 0.417, 0.405 | PDLC03304,MTase_II_00090, 2, 0.036, 0.113, 0.127 | PDLC03220,MTase_II_00006, 1, 1.5e-24, 0.405, 0.322 | PDLC03220,MTase_II_00006, 2, 0.057, 0.094, 0.08 | PDLC03270,MTase_II_00056, 1, 3.2e-17, 0.411, 0.515 | PDLC03270,MTase_II_00056, 2, 150, 0.055, 0.372 | PDLC03217,MTase_II_00003, 1, 7.5e-08, 0.088, 0.06 | PDLC03217,MTase_II_00003, 2, 2.6e-25, 0.258, 0.151 | PDLC03217,MTase_II_00003, 3, 2.4e-07, 0.099, 0.061 | PDLC03330,MTase_II_00116, 1, 1.1e-21, 0.755, 0.744 | PDLC03237,MTase_II_00023, 1, 6e-24, 0.423, 0.173 | PDLC03237,MTase_II_00023, 2, 5.9, 0.107, 0.045 | PDLC03286,MTase_II_00072, 1, 930, 0.052, 0.141 | PDLC03286,MTase_II_00072, 2, 6e-32, 0.417, 0.914 | PDLC03269,MTase_II_00055, 1, 1.7e-27, 0.44, 0.396 | PDLC03269,MTase_II_00055, 2, 0.00019, 0.187, 0.195 | PDLC03355,MTase_II_00141, 1, 2.8e-13, 0.415, 0.485 | PDLC03355,MTase_II_00141, 2, 31, 0.103, 0.125 | PDLC03368,MTase_II_00154, 1, 1.4e-06, 0.428, 0.452 | PDLC03378,MTase_II_00164, 1, 2e-48, 0.771, 0.953 | PDLC03384,MTase_II_00170, 1, 4.5e-07, 0.426, 0.472 | PDLC03232,MTase_II_00018, 1, 0.0041, 0.09, 0.095 | PDLC03232,MTase_II_00018, 2, 2.8e-15, 0.256, 0.256 | PDLC03232,MTase_II_00018, 3, 0.0074, 0.107, 0.101 | PDLC03326,MTase_II_00112, 1, 9.9e-28, 0.421, 0.422 | PDLC03326,MTase_II_00112, 2, 5.1e-06, 0.111, 0.119 | PDLC03242,MTase_II_00028, 1, 5e-43, 0.436, 0.413 | PDLC03242,MTase_II_00028, 2, 1e-08, 0.101, 0.108 | PDLC03388,MTase_II_00174, 1, 3.2e-09, 0.283, 0.328 | PDLC03388,MTase_II_00174, 2, 1e-08, 0.109, 0.144 | PDLC03279,MTase_II_00065, 1, 3.8e-10, 0.417, 0.291 | PDLC03279,MTase_II_00065, 2, 35, 0.103, 0.077 | PDLC03234,MTase_II_00020, 1, 6.9e-32, 0.428, 0.469 | PDLC03234,MTase_II_00020, 2, 0.001, 0.117, 0.139 | PDLC03225,MTase_II_00011, 1, 1.8e-13, 0.308, 0.221 | PDLC03225,MTase_II_00011, 2, 4, 0.036, 0.028 | PDLC03225,MTase_II_00011, 3, 0.47, 0.094, 0.065 | PDLC03307,MTase_II_00093, 1, 3.6e-16, 0.327, 0.332 | PDLC03307,MTase_II_00093, 2, 0.17, 0.048, 0.06 | PDLC03307,MTase_II_00093, 3, 0.015, 0.172, 0.199","PDLC03361, MTase_II_00147, 2.7e-248, 0.994, 0.996 | PDLC03272, MTase_II_00058, 3.7e-90, 0.795, 0.803 | PDLC03378, MTase_II_00164, 2e-48, 0.771, 0.953 | PDLC03242, MTase_II_00028, 5e-43, 0.436, 0.413 | PDLC03286, MTase_II_00072, 6e-32, 0.417, 0.914"
2,1,VSPR,1_255,PDLC03397,NEase_II_00006,Vsr,1.6e-97,1.7999999999999997e-97,0.987,0.994,266907,267377,+,-,255,468,"PDLC03397,NEase_II_00006, 1, 1.8e-97, 0.987, 0.994","PDLC03397, NEase_II_00006, 1.8e-97, 0.987, 0.994"
1,1,PDC-S12,1_304,PDLC04917,PDC-S12_WP_034891581.1,PDC-S12,3.499999999999999e-106,3.8999999999999986e-106,0.991,0.995,308307,308972,+,-,304,468,"PDLC04917,PDC-S12_WP_034891581.1, 1, 3.9e-106, 0.991, 0.995","PDLC04917, PDC-S12_WP_034891581.1, 3.9e-106, 0.991, 0.995"
3,12,RM_type_III,12_102,PDLC03641,MTase_III_00010,MTase_III,0,0,0.997,0.998,102212,104170,+,-,102,146,"PDLC03639,MTase_III_00008, 1, 6.4e-24, 0.323, 0.293 | PDLC03639,MTase_III_00008, 2, 1.6e-20, 0.159, 0.155 | PDLC03642,MTase_III_00011, 1, 6.3e-58, 0.588, 0.672 | PDLC03640,MTase_III_00009, 1, 1.4e-34, 0.27, 0.274 | PDLC03640,MTase_III_00009, 2, 8e-29, 0.214, 0.232 | PDLC03637,MTase_III_00006, 1, 4.9e-85, 0.709, 0.877 | PDLC03633,MTase_III_00002, 1, 8.6e-16, 0.277, 0.287 | PDLC03633,MTase_III_00002, 2, 0.00076, 0.058, 0.062 | PDLC03632,MTase_III_00001, 1, 2.8e-09, 0.239, 0.159 | PDLC03632,MTase_III_00001, 2, 15, 0.061, 0.041 | PDLC03636,MTase_III_00005, 1, 3.3e-11, 0.086, 0.097 | PDLC03636,MTase_III_00005, 2, 7e-25, 0.165, 0.188 | PDLC03636,MTase_III_00005, 3, 3.2e-15, 0.11, 0.13 | PDLC03636,MTase_III_00005, 4, 920, 0.081, 0.085 | PDLC03644,MTase_III_00013, 1, 1.2e-83, 0.588, 0.71 | PDLC03646,MTase_III_00015, 1, 1e-08, 0.08, 0.049 | PDLC03646,MTase_III_00015, 2, 1.1e-10, 0.127, 0.077 | PDLC03646,MTase_III_00015, 3, 1e-14, 0.221, 0.139 | PDLC03634,MTase_III_00003, 1, 2.9e-143, 0.75, 0.792 | PDLC03645,MTase_III_00014, 1, 5.3e-10, 0.19, 0.145 | PDLC03645,MTase_III_00014, 2, 3.4e-11, 0.116, 0.111 | PDLC03641,MTase_III_00010, 1, 0, 0.997, 0.998 | PDLC03638,MTase_III_00007, 1, 2.8e-05, 0.067, 0.055 | PDLC03638,MTase_III_00007, 2, 3.7e-31, 0.375, 0.273 | PDLC03635,MTase_III_00004, 1, 2.2e-13, 0.084, 0.078 | PDLC03635,MTase_III_00004, 2, 1.4e-21, 0.15, 0.141 | PDLC03635,MTase_III_00004, 3, 5.6e-08, 0.119, 0.103 | PDLC03643,MTase_III_00012, 1, 4.4e-69, 0.711, 0.998","PDLC03641, MTase_III_00010, 0, 0.997, 0.998 | PDLC03634, MTase_III_00003, 2.9e-143, 0.75, 0.792 | PDLC03637, MTase_III_00006, 4.9e-85, 0.709, 0.877 | PDLC03644, MTase_III_00013, 1.2e-83, 0.588, 0.71 | PDLC03643, MTase_III_00012, 4.4e-69, 0.711, 0.998"
3,12,RM_type_III,12_104,PDLC03649,REase_III_00003,REase_III,0,0,0.99,0.776,104746,107151,+,-,104,146,"PDLC03647,REase_III_00001, 1, 1.1e-05, 0.117, 0.077 | PDLC03647,REase_III_00001, 2, 3e-41, 0.746, 0.593 | PDLC03650,REase_III_00004, 1, 6.7, 0.045, 0.039 | PDLC03650,REase_III_00004, 2, 0.034, 0.062, 0.056 | PDLC03649,REase_III_00003, 1, 0, 0.99, 0.776 | PDLC03648,REase_III_00002, 1, 1.1e-05, 0.049, 0.045 | PDLC03648,REase_III_00002, 2, 110, 0.086, 0.075 | PDLC03653,REase_III_00007, 1, 32, 0.046, 0.041 | PDLC03653,REase_III_00007, 2, 0.021, 0.056, 0.051 | PDLC03653,REase_III_00007, 3, 310, 0.056, 0.05","PDLC03649, REase_III_00003, 0, 0.99, 0.776 | PDLC03647, REase_III_00001, 3e-41, 0.746, 0.593 | PDLC03648, REase_III_00002, 1.1e-05, 0.049, 0.045 | PDLC03653, REase_III_00007, 0.021, 0.056, 0.051 | PDLC03650, REase_III_00004, 0.034, 0.062, 0.056"
4,17,3HP,17_7,PDLC03006,Hp3,Hp3,8.6e-10,1.1e-9,0.638,0.652,6068,6763,-,-,7,134,"PDLC03006,Hp3, 1, 1.1e-09, 0.638, 0.652","PDLC03006, Hp3, 1.1e-09, 0.638, 0.652"
4,17,3HP,17_8,PDLC03005,Hp2,Hp2,6.9999999999999995e-40,8.7e-40,0.98,0.961,6783,7847,-,-,8,134,"PDLC03005,Hp2, 1, 8.7e-40, 0.98, 0.961","PDLC03005, Hp2, 8.7e-40, 0.98, 0.961"
4,17,3HP,17_9,PDLC03004,Hp1,Hp1,1.0999999999999998e-66,1.3999999999999998e-66,0.915,0.913,7844,8908,-,-,9,134,"PDLC03004,Hp1, 1, 1.4e-66, 0.915, 0.913","PDLC03004, Hp1, 1.4e-66, 0.915, 0.913"
5,18,PDC-M03,18_7,PDLC04347,PDC-M03B_WP_156391106.1,PDC-M03B,3.0999999999999996e-93,3.4999999999999994e-93,0.984,0.98,6044,6784,-,-,7,106,"PDLC04352,PDC-M03B_WP_159721333.1, 1, 1.1e-37, 0.947, 0.944 | PDLC04348,PDC-M03B_WP_214099834.1, 1, 3.5e-67, 0.931, 0.935 | PDLC04346,PDC-M03B_WP_170319402.1, 1, 2.5e-47, 0.789, 0.76 | PDLC04347,PDC-M03B_WP_156391106.1, 1, 3.5e-93, 0.984, 0.98 | PDLC04349,PDC-M03B_WP_127064912.1, 1, 4.3e-33, 0.866, 0.922 | PDLC04350,PDC-M03B_WP_211959721.1, 1, 8.9e-24, 0.842, 0.736 | PDLC04351,PDC-M03B_WP_109690396.1, 1, 6.1e-21, 0.927, 0.898","PDLC04347, PDC-M03B_WP_156391106.1, 3.5e-93, 0.984, 0.98 | PDLC04348, PDC-M03B_WP_214099834.1, 3.5e-67, 0.931, 0.935 | PDLC04346, PDC-M03B_WP_170319402.1, 2.5e-47, 0.789, 0.76 | PDLC04352, PDC-M03B_WP_159721333.1, 1.1e-37, 0.947, 0.944 | PDLC04349, PDC-M03B_WP_127064912.1, 4.3e-33, 0.866, 0.922"
5,18,PDC-M03,18_8,PDLC04344,PDC-M03A_WP_148311240.1,PDC-M03A,5.499999999999999e-121,6.099999999999998e-121,0.99,0.97,6781,7695,-,-,8,106,"PDLC04344,PDC-M03A_WP_148311240.1, 1, 6.1e-121, 0.99, 0.97 | PDLC04337,PDC-M03A_WP_211959720.1, 1, 7.7e-41, 0.774, 0.956 | PDLC04339,PDC-M03A_WP_143482249.1, 1, 1.5e-12, 0.259, 0.27 | PDLC04339,PDC-M03A_WP_143482249.1, 2, 1.1e-15, 0.505, 0.519 | PDLC04343,PDC-M03A_WP_212367596.1, 1, 9.5e-45, 0.928, 0.741 | PDLC04341,PDC-M03A_WP_089725102.1, 1, 1e-39, 0.698, 0.711 | PDLC04340,PDC-M03A_WP_027723948.1, 1, 1.6e-40, 0.951, 0.929 | PDLC04342,PDC-M03A_WP_095795207.1, 1, 3.6e-70, 0.951, 0.933 | PDLC04345,PDC-M03A_WP_170195461.1, 1, 2.8e-54, 0.954, 0.95 | PDLC04338,PDC-M03A_WP_186572779.1, 1, 1.5e-43, 0.987, 0.706","PDLC04344, PDC-M03A_WP_148311240.1, 6.1e-121, 0.99, 0.97 | PDLC04342, PDC-M03A_WP_095795207.1, 3.6e-70, 0.951, 0.933 | PDLC04345, PDC-M03A_WP_170195461.1, 2.8e-54, 0.954, 0.95 | PDLC04343, PDC-M03A_WP_212367596.1, 9.5e-45, 0.928, 0.741 | PDLC04338, PDC-M03A_WP_186572779.1, 1.5e-43, 0.987, 0.706"
7,2,PDC-S05,2_64,PDLC04852,PDC-S05_WP_110807286.1,PDC-S05,2.999999999999999e-168,3.299999999999999e-168,0.98,0.968,60107,61135,-,-,64,366,"PDLC04875,PDC-S05_WP_187536628.1, 1, 1.9e-09, 0.163, 0.455 | PDLC04875,PDC-S05_WP_187536628.1, 2, 490, 0.061, 0.171 | PDLC04875,PDC-S05_WP_187536628.1, 3, 6.1, 0.131, 0.366 | PDLC04883,PDC-S05_WP_220413105.1, 1, 2.2e-30, 0.227, 0.897 | PDLC04868,PDC-S05_WP_205747975.1, 1, 1.3e-118, 0.898, 0.931 | PDLC04852,PDC-S05_WP_110807286.1, 1, 3.3e-168, 0.98, 0.968 | PDLC04877,PDC-S05_WP_126307469.1, 1, 4.7e-17, 0.216, 0.902 | PDLC04877,PDC-S05_WP_126307469.1, 2, 2400, 0.026, 0.11 | PDLC04860,PDC-S05_WP_055170183.1, 1, 2.4e-24, 0.265, 0.645 | PDLC04860,PDC-S05_WP_055170183.1, 2, 89, 0.143, 0.355 | PDLC04874,PDC-S05_WP_205904899.1, 1, 1.4e-44, 0.353, 0.721 | PDLC04864,PDC-S05_WP_222427554.1, 1, 1.1e-124, 0.79, 0.971 | PDLC04848,PDC-S05_WP_138764285.1, 1, 1.2e-24, 0.35, 0.423 | PDLC04861,PDC-S05_WP_205729986.1, 1, 1.4e-27, 0.216, 0.892 | PDLC04861,PDC-S05_WP_205729986.1, 2, 1300, 0.026, 0.108 | PDLC04870,PDC-S05_WP_135110477.1, 1, 2.3e-84, 0.606, 0.958 | PDLC04847,PDC-S05_WP_224134658.1, 1, 1.9e-15, 0.195, 0.644 | PDLC04847,PDC-S05_WP_224134658.1, 2, 610, 0.102, 0.327 | PDLC04859,PDC-S05_WP_215891945.1, 1, 3.6e-16, 0.213, 0.695 | PDLC04859,PDC-S05_WP_215891945.1, 2, 690, 0.055, 0.181 | PDLC04851,PDC-S05_WP_020395932.1, 1, 5.1e-133, 0.959, 0.965 | PDLC04850,PDC-S05_WP_191092432.1, 1, 1.2e-07, 0.157, 0.628 | PDLC04850,PDC-S05_WP_191092432.1, 2, 1300, 0.032, 0.128 | PDLC04843,PDC-S05_WP_181573034.1, 1, 1.1e-119, 0.915, 0.93 | PDLC04844,PDC-S05_WP_008569830.1, 1, 1.2e-10, 0.195, 0.432 | PDLC04844,PDC-S05_WP_008569830.1, 2, 120, 0.055, 0.123 | PDLC04880,PDC-S05_WP_050949286.1, 1, 8.8e-07, 0.143, 0.891 | PDLC04880,PDC-S05_WP_050949286.1, 2, 670, 0.029, 0.182 | PDLC04884,PDC-S05_WP_026981758.1, 1, 1.2e-25, 0.216, 0.871 | PDLC04884,PDC-S05_WP_026981758.1, 2, 1000, 0.029, 0.118 | PDLC04857,PDC-S05_WP_200872712.1, 1, 3.3e-12, 0.236, 0.432 | PDLC04871,PDC-S05_WP_231564492.1, 1, 5.4e-103, 0.913, 0.677 | PDLC04855,PDC-S05_WP_179358254.1, 1, 1.5e-12, 0.172, 0.695 | PDLC04865,PDC-S05_WP_206196814.1, 1, 4e-21, 0.222, 0.835 | PDLC04853,PDC-S05_WP_228444512.1, 1, 2.8e-137, 0.945, 0.958 | PDLC04872,PDC-S05_WP_106707341.1, 1, 1.4e-43, 0.359, 0.829 | PDLC04872,PDC-S05_WP_106707341.1, 2, 250, 0.085, 0.191 | PDLC04858,PDC-S05_WP_065233724.1, 1, 2.9e-48, 0.362, 0.899 | PDLC04858,PDC-S05_WP_065233724.1, 2, 520, 0.073, 0.181 | PDLC04854,PDC-S05_WP_190995815.1, 1, 3.2e-43, 0.359, 0.594 | PDLC04854,PDC-S05_WP_190995815.1, 2, 460, 0, 0 | PDLC04885,PDC-S05_WP_002697025.1, 1, 1.2e-25, 0.268, 0.864 | PDLC04885,PDC-S05_WP_002697025.1, 2, 310, 0.067, 0.2 | PDLC04879,PDC-S05_WP_091962608.1, 1, 2.9e-39, 0.344, 0.418 | PDLC04879,PDC-S05_WP_091962608.1, 2, 270, 0.067, 0.081 | PDLC04876,PDC-S05_WP_205197604.1, 1, 1.3e-71, 0.481, 0.948 | PDLC04881,PDC-S05_WP_108603569.1, 1, 1.1e-20, 0.21, 0.878 | PDLC04846,PDC-S05_WP_093514383.1, 1, 0.044, 0.155, 0.776 | PDLC04867,PDC-S05_WP_204355478.1, 1, 2e-18, 0.204, 0.753 | PDLC04867,PDC-S05_WP_204355478.1, 2, 570, 0.035, 0.151 | PDLC04845,PDC-S05_WP_210384770.1, 1, 7.8e-19, 0.35, 0.654 | PDLC04845,PDC-S05_WP_210384770.1, 2, 0.21, 0.07, 0.126 | PDLC04873,PDC-S05_WP_017455060.1, 1, 1.2e-39, 0.321, 0.948 | PDLC04873,PDC-S05_WP_017455060.1, 2, 240, 0.017, 0.052","PDLC04852, PDC-S05_WP_110807286.1, 3.3e-168, 0.98, 0.968 | PDLC04853, PDC-S05_WP_228444512.1, 2.8e-137, 0.945, 0.958 | PDLC04851, PDC-S05_WP_020395932.1, 5.1e-133, 0.959, 0.965 | PDLC04864, PDC-S05_WP_222427554.1, 1.1e-124, 0.79, 0.971 | PDLC04843, PDC-S05_WP_181573034.1, 1.1e-119, 0.915, 0.93"
6,2,PDC-S04,2_339,PDLC04838,PDC-S04_WP_169250289.1,PDC-S04,6.899999999999999e-75,7.599999999999999e-75,0.975,0.943,371371,371973,+,-,339,366,"PDLC04839,PDC-S04_WP_034227615.1, 1, 3.2e-30, 0.876, 0.893 | PDLC04838,PDC-S04_WP_169250289.1, 1, 7.6e-75, 0.975, 0.943 | PDLC04842,PDC-S04_WP_163235784.1, 1, 5.9e-19, 0.692, 0.634 | PDLC04841,PDC-S04_WP_121941008.1, 1, 4.3e-13, 0.682, 0.432","PDLC04838, PDC-S04_WP_169250289.1, 7.6e-75, 0.975, 0.943 | PDLC04839, PDC-S04_WP_034227615.1, 3.2e-30, 0.876, 0.893 | PDLC04842, PDC-S04_WP_163235784.1, 5.9e-19, 0.692, 0.634 | PDLC04841, PDC-S04_WP_121941008.1, 4.3e-13, 0.682, 0.432"
8,21,PD-T4-6,21_58,PDLC04047,PD-T4-6_WP_139553373.1,PD-T4-6,8.6e-51,1.1e-50,0.755,0.786,62455,63531,-,-,58,73,"PDLC04045,PD-T4-6_WP_086836475.1, 1, 8.9e-25, 0.797, 0.789 | PDLC04050,PD-T4-6_WP_146515207.1, 1, 7.1e-25, 0.593, 0.425 | PDLC04042,PD-T4-6_WP_036366335.1, 1, 5.8e-49, 0.783, 0.921 | PDLC04052,PD-T4-6_WP_153359500.1, 1, 6e-34, 0.741, 0.518 | PDLC04040,PD-T4-6_WP_011718859.1, 1, 5.8e-30, 0.708, 0.455 | PDLC04064,PD-T4-6_WP_224370629.1, 1, 2.2e-31, 0.749, 0.688 | PDLC04053,PD-T4-6_WP_157124873.1, 1, 1e-44, 0.766, 0.842 | PDLC04061,PD-T4-6_WP_205119068.1, 1, 2.6e-41, 0.783, 0.535 | PDLC04043,PD-T4-6_WP_067834564.1, 1, 4.3e-37, 0.763, 0.577 | PDLC04059,PD-T4-6_WP_187294376.1, 1, 7.7e-16, 0.476, 0.376 | PDLC04063,PD-T4-6_WP_222213733.1, 1, 1.5e-18, 0.646, 0.397 | PDLC04054,PD-T4-6_WP_157521248.1, 1, 9.1e-41, 0.783, 0.772 | PDLC04046,PD-T4-6_WP_113935400.1, 1, 3.5e-15, 0.596, 0.471 | PDLC04051,PD-T4-6_WP_148765916.1, 1, 5.7e-18, 0.744, 0.532 | PDLC04047,PD-T4-6_WP_139553373.1, 1, 1.1e-50, 0.755, 0.786 | PDLC04041,PD-T4-6_WP_012633303.1, 1, 1.1e-34, 0.76, 0.594 | PDLC04058,PD-T4-6_WP_170252675.1, 1, 9.9e-14, 0.604, 0.454 | PDLC04039,PD-T4-6_WP_009677753.1, 1, 5.9e-36, 0.774, 0.574 | PDLC04060,PD-T4-6_WP_203635815.1, 1, 4.8e-43, 0.755, 0.529 | PDLC04062,PD-T4-6_WP_214431164.1, 1, 4.2e-24, 0.735, 0.553 | PDLC04055,PD-T4-6_WP_157606249.1, 1, 8.7e-23, 0.63, 0.423 | PDLC04057,PD-T4-6_WP_160801532.1, 1, 1.9e-44, 0.749, 0.576 | PDLC04048,PD-T4-6_WP_144078097.1, 1, 5.1e-39, 0.755, 0.726 | PDLC04049,PD-T4-6_WP_145059686.1, 1, 1.5e-16, 0.766, 0.613 | PDLC04044,PD-T4-6_WP_083882641.1, 1, 3.3e-24, 0.758, 0.688 | PDLC04056,PD-T4-6_WP_158110440.1, 1, 4.5e-13, 0.304, 0.263","PDLC04047, PD-T4-6_WP_139553373.1, 1.1e-50, 0.755, 0.786 | PDLC04042, PD-T4-6_WP_036366335.1, 5.8e-49, 0.783, 0.921 | PDLC04053, PD-T4-6_WP_157124873.1, 1e-44, 0.766, 0.842 | PDLC04057, PD-T4-6_WP_160801532.1, 1.9e-44, 0.749, 0.576 | PDLC04060, PD-T4-6_WP_203635815.1, 4.8e-43, 0.755, 0.529"
9,27,PDC-S07,27_30,PDLC04899,PDC-S07_WP_110056698.1,PDC-S07,2.9e-41,3.4e-41,0.914,0.941,27013,27429,-,-,30,47,"PDLC04899,PDC-S07_WP_110056698.1, 1, 3.4e-41, 0.914, 0.941","PDLC04899, PDC-S07_WP_110056698.1, 3.4e-41, 0.914, 0.941"
10,3,PDC-S02,3_21,PDLC04807,PDC-S02_WP_151674975.1,PDC-S02,1.6999999999999994e-134,1.8999999999999993e-134,0.943,0.96,16172,17275,-,-,21,253,"PDLC04831,PDC-S02_WP_143549780.1, 1, 4.6e-84, 0.916, 0.928 | PDLC04829,PDC-S02_WP_027359121.1, 1, 4.5e-12, 0.19, 0.761 | PDLC04809,PDC-S02_WP_199416923.1, 1, 1.1e-25, 0.389, 0.821 | PDLC04817,PDC-S02_WP_211243412.1, 1, 3.9e-29, 0.554, 0.678 | PDLC04817,PDC-S02_WP_211243412.1, 2, 1.2e-05, 0.185, 0.234 | PDLC04804,PDC-S02_WP_166644481.1, 1, 9.8e-19, 0.543, 0.911 | PDLC04826,PDC-S02_WP_038196767.1, 1, 1.2e-41, 0.614, 0.946 | PDLC04812,PDC-S02_WP_116095767.1, 1, 1.1e-44, 0.421, 0.927 | PDLC04825,PDC-S02_WP_019576551.1, 1, 1.4e-30, 0.519, 0.938 | PDLC04801,PDC-S02_WP_131255532.1, 1, 6.8e-18, 0.478, 0.795 | PDLC04801,PDC-S02_WP_131255532.1, 2, 19, 0.052, 0.093 | PDLC04810,PDC-S02_WP_080642564.1, 1, 7.8e-102, 0.943, 0.966 | PDLC04798,PDC-S02_WP_214401731.1, 1, 1.5e-30, 0.486, 0.788 | PDLC04814,PDC-S02_WP_034892306.1, 1, 4.4e-06, 0.177, 0.621 | PDLC04811,PDC-S02_WP_221607976.1, 1, 7e-21, 0.44, 0.866 | PDLC04821,PDC-S02_WP_219340968.1, 1, 1.7e-19, 0.361, 0.902 | PDLC04793,PDC-S02_WP_149946094.1, 1, 4.3e-06, 0.198, 0.624 | PDLC04830,PDC-S02_WP_125244012.1, 1, 2.7e-22, 0.321, 0.736 | PDLC04795,PDC-S02_WP_011937941.1, 1, 2.8e-88, 0.929, 0.913 | PDLC04823,PDC-S02_WP_051532657.1, 1, 8.7e-12, 0.166, 0.349 | PDLC04823,PDC-S02_WP_051532657.1, 2, 0.00014, 0.171, 0.36 | PDLC04805,PDC-S02_WP_205943784.1, 1, 4.2e-26, 0.253, 0.869 | PDLC04802,PDC-S02_WP_212323363.1, 1, 4.5e-28, 0.424, 0.86 | PDLC04802,PDC-S02_WP_212323363.1, 2, 8.5e-07, 0.334, 0.585 | PDLC04800,PDC-S02_WP_054203229.1, 1, 5.3e-23, 0.353, 0.907 | PDLC04822,PDC-S02_WP_207168644.1, 1, 1.8e-83, 0.81, 0.946 | PDLC04820,PDC-S02_WP_130482745.1, 1, 1e-77, 0.938, 0.913 | PDLC04808,PDC-S02_WP_228116046.1, 1, 3.2e-28, 0.245, 0.784 | PDLC04808,PDC-S02_WP_228116046.1, 2, 710, 0.049, 0.144 | PDLC04803,PDC-S02_WP_226889553.1, 1, 2.6e-86, 0.75, 0.959 | PDLC04813,PDC-S02_WP_014408698.1, 1, 3.3e-48, 0.432, 0.909 | PDLC04794,PDC-S02_WP_091255378.1, 1, 6.4e-09, 0.247, 0.824 | PDLC04794,PDC-S02_WP_091255378.1, 2, 1700, 0.065, 0.204 | PDLC04807,PDC-S02_WP_151674975.1, 1, 1.9e-134, 0.943, 0.96 | PDLC04827,PDC-S02_WP_136648619.1, 1, 2.8e-72, 0.647, 0.962 | PDLC04797,PDC-S02_WP_228437898.1, 1, 1e-32, 0.359, 0.929 | PDLC04818,PDC-S02_WP_179006699.1, 1, 1.8e-13, 0.16, 0.747","PDLC04807, PDC-S02_WP_151674975.1, 1.9e-134, 0.943, 0.96 | PDLC04810, PDC-S02_WP_080642564.1, 7.8e-102, 0.943, 0.966 | PDLC04795, PDC-S02_WP_011937941.1, 2.8e-88, 0.929, 0.913 | PDLC04803, PDC-S02_WP_226889553.1, 2.6e-86, 0.75, 0.959 | PDLC04831, PDC-S02_WP_143549780.1, 4.6e-84, 0.916, 0.928"
11,4,cas_type_I-E,4_65,PDLC01767,Cas3e_WP_189128522.1,Cas3e,2.699999999999999e-188,3.299999999999999e-188,0.928,0.749,78298,80505,-,-,65,231,"PDLC01767,Cas3e_WP_189128522.1, 1, 3.3e-188, 0.928, 0.749 | PDLC01768,Cas3e_WP_058658455.1, 1, 2e-154, 0.463, 0.632","PDLC01767, Cas3e_WP_189128522.1, 3.3e-188, 0.928, 0.749 | PDLC01768, Cas3e_WP_058658455.1, 2e-154, 0.463, 0.632"
11,4,cas_type_I-E,4_67,PDLC00999,casA_cse1,Cas8e,3.199999999999999e-180,3.5999999999999986e-180,0.977,0.996,80863,82398,+,-,67,231,"PDLC01342,cd09729, 1, 9.5e-119, 0.914, 0.998 | PDLC00999,casA_cse1, 1, 3.6e-180, 0.977, 0.996 | PDLC01622,pfam09481, 1, 2.3e-92, 0.885, 0.988 | PDLC01282,cd09669, 1, 4.4e-163, 0.977, 0.998","PDLC00999, casA_cse1, 3.6e-180, 0.977, 0.996 | PDLC01282, cd09669, 4.4e-163, 0.977, 0.998 | PDLC01342, cd09729, 9.5e-119, 0.914, 0.998 | PDLC01622, pfam09481, 2.3e-92, 0.885, 0.988"
11,4,cas_type_I-E,4_68,PDLC01000,casB_cse2,Cas11e,3.5e-45,4.1e-45,0.861,0.981,82415,83017,+,-,68,231,"PDLC01000,casB_cse2, 1, 4.1e-45, 0.861, 0.981 | PDLC01624,pfam09485, 1, 2.9e-18, 0.731, 0.976 | PDLC01283,cd09670, 1, 2.2e-36, 0.836, 0.986 | PDLC01344,cd09731, 1, 1800, 0.114, 0.18 | PDLC01344,cd09731, 2, 1.8e-24, 0.746, 0.977","PDLC01000, casB_cse2, 4.1e-45, 0.861, 0.981 | PDLC01283, cd09670, 2.2e-36, 0.836, 0.986 | PDLC01344, cd09731, 1.8e-24, 0.746, 0.977 | PDLC01624, pfam09485, 2.9e-18, 0.731, 0.976"
11,4,cas_type_I-E,4_69,PDLC01620,pfam09344,Cas7e,2.7999999999999996e-98,3.2999999999999995e-98,0.924,0.928,83040,84098,+,-,69,231,"PDLC00959,casC_Cse4, 1, 4.6e-98, 0.909, 0.997 | PDLC01620,pfam09344, 1, 3.3e-98, 0.924, 0.928 | PDLC01259,cd09646, 1, 5.3e-97, 0.909, 0.997","PDLC01620, pfam09344, 3.3e-98, 0.924, 0.928 | PDLC00959, casC_Cse4, 4.6e-98, 0.909, 0.997 | PDLC01259, cd09646, 5.3e-97, 0.909, 0.997"
11,4,cas_type_I-E,4_70,PDLC01258,cd09645,Cas5e,8.9e-51,1.1e-50,0.711,0.933,84108,84833,+,-,70,231,"PDLC01258,cd09645, 1, 1.1e-50, 0.711, 0.933 | PDLC01369,cd09756, 1, 2.4e-50, 0.711, 0.933 | PDLC00949,casD_Cas5e, 1, 2.2e-44, 0.694, 0.726","PDLC01258, cd09645, 1.1e-50, 0.711, 0.933 | PDLC01369, cd09756, 2.4e-50, 0.711, 0.933 | PDLC00949, casD_Cas5e, 2.2e-44, 0.694, 0.726"
11,4,cas_type_I-E,4_71,PDLC00954,casE_Cse3,Cas6e,4.699999999999999e-93,5.399999999999999e-93,0.987,0.995,84833,85537,+,-,71,231,"PDLC01340,cd09727, 1, 2.6e-53, 0.983, 0.995 | PDLC01277,cd09664, 1, 3.1e-72, 0.962, 0.994 | PDLC00954,casE_Cse3, 1, 5.4e-93, 0.987, 0.995","PDLC00954, casE_Cse3, 5.4e-93, 0.987, 0.995 | PDLC01277, cd09664, 3.1e-72, 0.962, 0.994 | PDLC01340, cd09727, 2.6e-53, 0.983, 0.995"
11,4,cas_type_I-E,4_72,PDLC01744,Cas1e_WP_035839043.1,Cas1e,2.1e-117,2.3999999999999998e-117,0.882,0.869,85537,86454,+,-,72,231,"PDLC00924,cas1_ECOLI, 1, 6.3e-112, 0.863, 0.985 | PDLC01745,Cas1e_WP_120372217.1, 1, 3e-62, 0.863, 0.941 | PDLC01744,Cas1e_WP_035839043.1, 1, 2.4e-117, 0.882, 0.869 | PDLC01746,Cas1e_WP_162621937.1, 1, 2e-79, 0.52, 0.981","PDLC01744, Cas1e_WP_035839043.1, 2.4e-117, 0.882, 0.869 | PDLC00924, cas1_ECOLI, 6.3e-112, 0.863, 0.985 | PDLC01746, Cas1e_WP_162621937.1, 2e-79, 0.52, 0.981 | PDLC01745, Cas1e_WP_120372217.1, 3e-62, 0.863, 0.941"
11,4,cas_type_I-E,4_73,PDLC01752,Cas2e_WP_051024046.1,Cas2e,7.0999999999999995e-43,7.499999999999999e-43,0.918,0.774,86457,86750,+,-,73,231,"PDLC01752,Cas2e_WP_051024046.1, 1, 7.5e-43, 0.918, 0.774 | PDLC01755,Cas2e_WP_081586257.1, 1, 3.8e-13, 0.888, 0.632 | PDLC00934,cas_CT1978, 1, 2.9e-40, 0.867, 0.989 | PDLC01753,Cas2e_WP_128219160.1, 1, 1.1e-28, 0.929, 0.892 | PDLC01754,Cas2e_WP_012568472.1, 1, 1.6e-15, 0.898, 0.959","PDLC01752, Cas2e_WP_051024046.1, 7.5e-43, 0.918, 0.774 | PDLC00934, cas_CT1978, 2.9e-40, 0.867, 0.989 | PDLC01753, Cas2e_WP_128219160.1, 1.1e-28, 0.929, 0.892 | PDLC01754, Cas2e_WP_012568472.1, 1.6e-15, 0.898, 0.959 | PDLC01755, Cas2e_WP_081586257.1, 3.8e-13, 0.888, 0.632"
12,5,DMS_other,5_85,PDLC02658,DndB_00001,DndB,1.1e-35,1.5e-35,0.792,0.82,69681,70745,+,-,85,213,"PDLC02658,DndB_00001, 1, 1.5e-35, 0.792, 0.82","PDLC02658, DndB_00001, 1.5e-35, 0.792, 0.82"
12,5,DMS_other,5_86,PDLC03729,oMTase_00018,oMTase,4.6e-93,5.599999999999999e-93,0.901,0.953,70742,71623,+,-,86,213,"PDLC03281,MTase_II_00067, 1, 9.4e-05, 0.605, 0.57 | PDLC03341,MTase_II_00127, 1, 3.8e-12, 0.656, 0.627 | PDLC03383,MTase_II_00169, 1, 5.9e-10, 0.211, 0.195 | PDLC03383,MTase_II_00169, 2, 1.5e-07, 0.388, 0.352 | PDLC03735,oMTase_00024, 1, 1.4e-53, 0.891, 0.947 | PDLC03266,MTase_II_00052, 1, 2e-45, 0.898, 0.933 | PDLC04019,PD-Lambda-5_B_WP_192916452.1, 1, 0.0031, 0.398, 0.731 | PDLC03290,MTase_II_00076, 1, 3.7e-07, 0.748, 0.781 | PDLC03247,MTase_II_00033, 1, 2e-19, 0.602, 0.628 | PDLC03247,MTase_II_00033, 2, 110, 0.092, 0.096 | PDLC03253,MTase_II_00039, 1, 1.5e-13, 0.793, 0.866 | PDLC03349,MTase_II_00135, 1, 1.7e-05, 0.204, 0.168 | PDLC03349,MTase_II_00135, 2, 9.3e-06, 0.364, 0.291 | PDLC03264,MTase_II_00050, 1, 9.6e-23, 0.616, 0.621 | PDLC03344,MTase_II_00130, 1, 1.9e-14, 0.469, 0.909 | PDLC04018,PD-Lambda-5_B_WP_110365848.1, 1, 8e-07, 0.418, 0.44 | PDLC03302,MTase_II_00088, 1, 9.8e-17, 0.609, 0.289 | PDLC03717,oMTase_00006, 1, 0.00011, 0.395, 0.421 | PDLC03292,MTase_II_00078, 1, 0.0018, 0.197, 0.079 | PDLC03292,MTase_II_00078, 2, 0.00049, 0.327, 0.137 | PDLC03729,oMTase_00018, 1, 5.6e-93, 0.901, 0.953 | PDLC03244,MTase_II_00030, 1, 1.1e-07, 0.235, 0.234 | PDLC03244,MTase_II_00030, 2, 690, 0.024, 0.024 | PDLC03287,MTase_II_00073, 1, 6.2e-10, 0.759, 0.354 | PDLC03261,MTase_II_00047, 1, 5.9e-46, 0.898, 0.404 | PDLC03722,oMTase_00011, 1, 3.6e-16, 0.599, 0.649 | PDLC03294,MTase_II_00080, 1, 3.3e-84, 0.901, 0.971","PDLC03729, oMTase_00018, 5.6e-93, 0.901, 0.953 | PDLC03294, MTase_II_00080, 3.3e-84, 0.901, 0.971 | PDLC03735, oMTase_00024, 1.4e-53, 0.891, 0.947 | PDLC03261, MTase_II_00047, 5.9e-46, 0.898, 0.404 | PDLC03266, MTase_II_00052, 2e-45, 0.898, 0.933"
13,8,PDC-S07,8_95,PDLC04899,PDC-S07_WP_110056698.1,PDC-S07,2.2e-41,2.5e-41,0.962,0.941,107626,108021,-,-,95,177,"PDLC04899,PDC-S07_WP_110056698.1, 1, 2.5e-41, 0.962, 0.941","PDLC04899, PDC-S07_WP_110056698.1, 2.5e-41, 0.962, 0.941"
17,9,druantia_type_III,9_12,PDLC00037,DruE3_00003,DruE3,0,0,0.989,0.61,7141,10986,-,-,12,164,"PDLC00037,DruE3_00003, 1, 0, 0.989, 0.61 | PDLC00035,DruE3_00001, 1, 9.2e-239, 0.5, 0.425 | PDLC00036,DruE3_00002, 1, 8.6e-173, 0.959, 0.597","PDLC00037, DruE3_00003, 0, 0.989, 0.61 | PDLC00035, DruE3_00001, 9.2e-239, 0.5, 0.425 | PDLC00036, DruE3_00002, 8.6e-173, 0.959, 0.597"
17,9,druantia_type_III,9_13,PDLC00035,DruE3_00001,DruE3,0,0,0.987,0.547,10928,13465,-,-,13,164,"PDLC00037,DruE3_00003, 1, 0, 0.989, 0.39 | PDLC00035,DruE3_00001, 1, 0, 0.987, 0.547 | PDLC00036,DruE3_00002, 1, 1.8e-153, 0.931, 0.368","PDLC00037, DruE3_00003, 0, 0.989, 0.39 | PDLC00035, DruE3_00001, 0, 0.987, 0.547 | PDLC00036, DruE3_00002, 1.8e-153, 0.931, 0.368"
17,9,druantia_type_III,9_14,PDLC00049,DruH3_00012,DruH3,0,0,0.998,0.998,13478,16777,-,-,14,164,"PDLC00044,DruH3_00007, 1, 1.8e-83, 0.834, 0.824 | PDLC00044,DruH3_00007, 2, 11, 0.026, 0.026 | PDLC00040,DruH3_00003, 1, 3.8e-08, 0.217, 0.214 | PDLC00040,DruH3_00003, 2, 4.2e-05, 0.207, 0.199 | PDLC00043,DruH3_00006, 1, 19, 0.054, 0.227 | PDLC00043,DruH3_00006, 2, 2.4e-160, 0.246, 0.993 | PDLC00038,DruH3_00001, 1, 7.4e-32, 0.445, 0.429 | PDLC00038,DruH3_00001, 2, 8.9e-07, 0.179, 0.174 | PDLC00041,DruH3_00004, 1, 6.1e-17, 0.222, 0.214 | PDLC00041,DruH3_00004, 2, 7.8e-05, 0.379, 0.381 | PDLC00039,DruH3_00002, 1, 6.9e-33, 0.222, 0.214 | PDLC00039,DruH3_00002, 2, 2.1e-18, 0.495, 0.455 | PDLC00042,DruH3_00005, 1, 440, 0.045, 0.076 | PDLC00042,DruH3_00005, 2, 0, 0.625, 0.996 | PDLC00047,DruH3_00010, 1, 8.8e-39, 0.219, 0.218 | PDLC00047,DruH3_00010, 2, 3.9e-34, 0.655, 0.651 | PDLC00048,DruH3_00011, 1, 6.8e-62, 0.726, 0.778 | PDLC00048,DruH3_00011, 2, 0.0062, 0.05, 0.051 | PDLC00050,DruH3_00013, 1, 6.4e-183, 0.977, 0.982 | PDLC00049,DruH3_00012, 1, 0, 0.998, 0.998","PDLC00042, DruH3_00005, 0, 0.625, 0.996 | PDLC00049, DruH3_00012, 0, 0.998, 0.998 | PDLC00050, DruH3_00013, 6.4e-183, 0.977, 0.982 | PDLC00043, DruH3_00006, 2.4e-160, 0.246, 0.993 | PDLC00044, DruH3_00007, 1.8e-83, 0.834, 0.824"
14,9,RM_type_HNH,9_16,PDLC04132,bir_HNH,HNH,8.6e-25,1.2e-24,0.534,0.524,17358,18233,+,-,16,164,"PDLC03546,REase_II_00148, 1, 1e-15, 0.449, 0.454 | PDLC04132,bir_HNH, 1, 1.2e-24, 0.534, 0.524","PDLC04132, bir_HNH, 1.2e-24, 0.534, 0.524 | PDLC03546, REase_II_00148, 1e-15, 0.449, 0.454"
15,9,RM_type_I,9_43,PDLC03189,Specificity_I_00138,Specificity_I,4.1999999999999986e-222,4.699999999999998e-222,0.996,0.998,42741,44129,-,-,43,164,"PDLC03158,Specificity_I_00107, 1, 3.1e-09, 0.745, 0.776 | PDLC03145,Specificity_I_00094, 1, 0.018, 0.145, 0.148 | PDLC03145,Specificity_I_00094, 2, 0.035, 0.309, 0.324 | PDLC03091,Specificity_I_00040, 1, 0.0012, 0.246, 0.269 | PDLC03091,Specificity_I_00040, 2, 3, 0.22, 0.24 | PDLC03153,Specificity_I_00102, 1, 3.5e-08, 0.305, 0.35 | PDLC03153,Specificity_I_00102, 2, 2.5e-16, 0.691, 0.727 | PDLC03151,Specificity_I_00100, 1, 7.3e-35, 0.903, 0.935 | PDLC03070,Specificity_I_00019, 1, 6.9e-10, 0.365, 0.395 | PDLC03070,Specificity_I_00019, 2, 1.5, 0.354, 0.391 | PDLC03094,Specificity_I_00043, 1, 0.0019, 0.186, 0.227 | PDLC03094,Specificity_I_00043, 2, 2.8, 0.106, 0.128 | PDLC03060,Specificity_I_00009, 1, 3.3e-11, 0.251, 0.289 | PDLC03060,Specificity_I_00009, 2, 3.7e-05, 0.285, 0.329 | PDLC03112,Specificity_I_00061, 1, 1.6e-07, 0.227, 0.302 | PDLC03112,Specificity_I_00061, 2, 0.00024, 0.164, 0.198 | PDLC03057,Specificity_I_00006, 1, 1e-06, 0.164, 0.187 | PDLC03057,Specificity_I_00006, 2, 5.8e-06, 0.246, 0.285 | PDLC03173,Specificity_I_00122, 1, 0.0079, 0.263, 0.257 | PDLC03173,Specificity_I_00122, 2, 0.00028, 0.294, 0.287 | PDLC03144,Specificity_I_00093, 1, 4.2e-13, 0.313, 0.369 | PDLC03144,Specificity_I_00093, 2, 3.2e-07, 0.162, 0.196 | PDLC03058,Specificity_I_00007, 1, 7.5, 0.086, 0.102 | PDLC03058,Specificity_I_00007, 2, 0.00046, 0.192, 0.219 | PDLC03062,Specificity_I_00011, 1, 6.6e-07, 0.151, 0.168 | PDLC03062,Specificity_I_00011, 2, 1100, 0.043, 0.053 | PDLC03062,Specificity_I_00011, 3, 1.4e-06, 0.14, 0.157 | PDLC03087,Specificity_I_00036, 1, 3e-25, 0.408, 0.469 | PDLC03087,Specificity_I_00036, 2, 1.3e-19, 0.423, 0.481 | PDLC03192,Specificity_I_00141, 1, 0.00036, 0.147, 0.167 | PDLC03192,Specificity_I_00141, 2, 3.1e-05, 0.158, 0.172 | PDLC03066,Specificity_I_00015, 1, 3.8e-10, 0.428, 0.422 | PDLC03066,Specificity_I_00015, 2, 0.00018, 0.43, 0.42 | PDLC03085,Specificity_I_00034, 1, 0.17, 0.175, 0.189 | PDLC03085,Specificity_I_00034, 2, 1.4, 0.201, 0.218 | PDLC03148,Specificity_I_00097, 1, 3.5e-23, 0.384, 0.406 | PDLC03148,Specificity_I_00097, 2, 1.2e-10, 0.378, 0.377 | PDLC03183,Specificity_I_00132, 1, 3.9e-07, 0.337, 0.392 | PDLC03183,Specificity_I_00132, 2, 0.00034, 0.313, 0.362 | PDLC03162,Specificity_I_00111, 1, 9.1e-67, 0.931, 0.986 | PDLC03079,Specificity_I_00028, 1, 1.5e-56, 0.894, 0.896 | PDLC03126,Specificity_I_00075, 1, 1.9e-15, 0.795, 0.539 | PDLC03168,Specificity_I_00117, 1, 1e-17, 0.384, 0.383 | PDLC03168,Specificity_I_00117, 2, 4.5e-14, 0.387, 0.388 | PDLC03163,Specificity_I_00112, 1, 0.56, 0.311, 0.343 | PDLC03163,Specificity_I_00112, 2, 0.066, 0.289, 0.318 | PDLC03174,Specificity_I_00123, 1, 6.7e-11, 0.391, 0.387 | PDLC03174,Specificity_I_00123, 2, 260, 0.058, 0.06 | PDLC03174,Specificity_I_00123, 3, 86, 0.054, 0.053 | PDLC03174,Specificity_I_00123, 4, 0.00052, 0.188, 0.19 | PDLC03019,MTase_I_00002, 1, 3.2e-06, 0.724, 0.359 | PDLC03076,Specificity_I_00025, 1, 2.5e-17, 0.406, 0.391 | PDLC03076,Specificity_I_00025, 2, 1.6e-14, 0.376, 0.359 | PDLC03076,Specificity_I_00025, 3, 8.3, 0.093, 0.072 | PDLC03081,Specificity_I_00030, 1, 2.1e-06, 0.603, 0.646 | PDLC03190,Specificity_I_00139, 1, 0.012, 0.114, 0.134 | PDLC03190,Specificity_I_00139, 2, 22, 0.076, 0.082 | PDLC03123,Specificity_I_00072, 1, 0.012, 0.132, 0.152 | PDLC03123,Specificity_I_00072, 2, 770, 0.108, 0.125 | PDLC03077,Specificity_I_00026, 1, 4.1e-09, 0.328, 0.369 | PDLC03077,Specificity_I_00026, 2, 2.5e-09, 0.212, 0.23 | PDLC03138,Specificity_I_00087, 1, 1.6, 0.222, 0.212 | PDLC03138,Specificity_I_00087, 2, 0.027, 0.181, 0.161 | PDLC03063,Specificity_I_00012, 1, 0.0035, 0.231, 0.271 | PDLC03063,Specificity_I_00012, 2, 0.18, 0.287, 0.341 | PDLC03071,Specificity_I_00020, 1, 0.0022, 0.365, 0.417 | PDLC03071,Specificity_I_00020, 2, 0.00059, 0.214, 0.233 | PDLC03179,Specificity_I_00128, 1, 1.4e-27, 0.417, 0.338 | PDLC03179,Specificity_I_00128, 2, 2.7e-21, 0.419, 0.336 | PDLC03179,Specificity_I_00128, 3, 2.3, 0.097, 0.063 | PDLC03089,Specificity_I_00038, 1, 1.9e-23, 0.359, 0.383 | PDLC03089,Specificity_I_00038, 2, 4.2e-20, 0.35, 0.37 | PDLC03092,Specificity_I_00041, 1, 5.8e-05, 0.499, 0.554 | PDLC03092,Specificity_I_00041, 2, 9.1e-06, 0.168, 0.179 | PDLC03129,Specificity_I_00078, 1, 1.6e-05, 0.238, 0.262 | PDLC03129,Specificity_I_00078, 2, 7.6e-06, 0.205, 0.689 | PDLC03142,Specificity_I_00091, 1, 4.2e-05, 0.192, 0.188 | PDLC03142,Specificity_I_00091, 2, 0.0032, 0.186, 0.178 | PDLC03100,Specificity_I_00049, 1, 1.7e-19, 0.402, 0.495 | PDLC03100,Specificity_I_00049, 2, 6.5e-18, 0.413, 0.503 | PDLC03147,Specificity_I_00096, 1, 4.5e-07, 0.298, 0.332 | PDLC03147,Specificity_I_00096, 2, 2.2e-06, 0.629, 0.661 | PDLC03069,Specificity_I_00018, 1, 8.9e-10, 0.186, 0.227 | PDLC03069,Specificity_I_00018, 2, 1.4e-32, 0.702, 0.783 | PDLC03139,Specificity_I_00088, 1, 1.8e-12, 0.447, 0.485 | PDLC03055,Specificity_I_00004, 1, 1.3, 0.13, 0.15 | PDLC03055,Specificity_I_00004, 2, 6.5, 0.11, 0.127 | PDLC03059,Specificity_I_00008, 1, 0.00018, 0.41, 0.481 | PDLC03059,Specificity_I_00008, 2, 4.9e-08, 0.387, 0.449 | PDLC03107,Specificity_I_00056, 1, 1.5e-24, 0.415, 0.503 | PDLC03107,Specificity_I_00056, 2, 1.8e-33, 0.663, 0.73 | PDLC03133,Specificity_I_00082, 1, 280, 0.084, 0.101 | PDLC03133,Specificity_I_00082, 2, 0.039, 0.197, 0.216 | PDLC03133,Specificity_I_00082, 3, 21, 0.132, 0.127 | PDLC03073,Specificity_I_00022, 1, 6e-20, 0.419, 0.46 | PDLC03073,Specificity_I_00022, 2, 1.1e-15, 0.415, 0.451 | PDLC03125,Specificity_I_00074, 1, 0.015, 0.112, 0.132 | PDLC03125,Specificity_I_00074, 2, 0.046, 0.302, 0.355 | PDLC03086,Specificity_I_00035, 1, 0.91, 0.043, 0.044 | PDLC03086,Specificity_I_00035, 2, 1.9e-15, 0.328, 0.345 | PDLC03086,Specificity_I_00035, 3, 2.3e-12, 0.322, 0.328 | PDLC03187,Specificity_I_00136, 1, 0.67, 0.164, 0.193 | PDLC03187,Specificity_I_00136, 2, 6.4, 0.149, 0.174 | PDLC03068,Specificity_I_00017, 1, 9.8e-19, 0.356, 0.417 | PDLC03068,Specificity_I_00017, 2, 4.6e-10, 0.38, 0.427 | PDLC03177,Specificity_I_00126, 1, 0.00015, 0.309, 0.363 | PDLC03177,Specificity_I_00126, 2, 46, 0.276, 0.316 | PDLC03164,Specificity_I_00113, 1, 2.8e-10, 0.369, 0.438 | PDLC03164,Specificity_I_00113, 2, 0.0013, 0.335, 0.389 | PDLC03194,Specificity_I_00143, 1, 3.2e-10, 0.421, 0.494 | PDLC03194,Specificity_I_00143, 2, 5.2e-15, 0.207, 0.246 | PDLC03061,Specificity_I_00010, 1, 2.7e-05, 0.274, 0.328 | PDLC03061,Specificity_I_00010, 2, 0.001, 0.194, 0.228 | PDLC03146,Specificity_I_00095, 1, 6.5e-09, 0.376, 0.421 | PDLC03146,Specificity_I_00095, 2, 1.1e-08, 0.246, 0.286 | PDLC03093,Specificity_I_00042, 1, 1.6e-07, 0.156, 0.193 | PDLC03093,Specificity_I_00042, 2, 0.58, 0.102, 0.126 | PDLC03161,Specificity_I_00110, 1, 2.8e-05, 0.33, 0.417 | PDLC03161,Specificity_I_00110, 2, 0.026, 0.287, 0.343 | PDLC03189,Specificity_I_00138, 1, 4.7e-222, 0.996, 0.998 | PDLC03124,Specificity_I_00073, 1, 8.8e-18, 0.33, 0.387 | PDLC03124,Specificity_I_00073, 2, 2.8e-08, 0.337, 0.39 | PDLC03199,Specificity_I_00148, 1, 6, 0.251, 0.558 | PDLC03199,Specificity_I_00148, 2, 0.9, 0.127, 0.279 | PDLC03099,Specificity_I_00048, 1, 1.6e-12, 0.428, 0.481 | PDLC03099,Specificity_I_00048, 2, 2.4e-10, 0.371, 0.363 | PDLC03115,Specificity_I_00064, 1, 270, 0.032, 0.032 | PDLC03115,Specificity_I_00064, 2, 1.2e-16, 0.283, 0.268 | PDLC03115,Specificity_I_00064, 3, 4e-22, 0.402, 0.377 | PDLC03159,Specificity_I_00108, 1, 1.3e-16, 0.425, 0.391 | PDLC03159,Specificity_I_00108, 2, 2.2e-52, 0.49, 0.438 | PDLC03180,Specificity_I_00129, 1, 0.00038, 0.158, 0.17 | PDLC03180,Specificity_I_00129, 2, 0.6, 0.3, 0.342 | PDLC03119,Specificity_I_00068, 1, 3.8e-10, 0.294, 0.338 | PDLC03119,Specificity_I_00068, 2, 2e-10, 0.408, 0.494 | PDLC03185,Specificity_I_00134, 1, 2.5e-10, 0.389, 0.439 | PDLC03185,Specificity_I_00134, 2, 2.6e-05, 0.41, 0.458 | PDLC03150,Specificity_I_00099, 1, 9e-05, 0.333, 0.331 | PDLC03150,Specificity_I_00099, 2, 5.3e-47, 0.665, 0.629 | PDLC03182,Specificity_I_00131, 1, 0.081, 0.151, 0.17 | PDLC03182,Specificity_I_00131, 2, 1.8, 0.22, 0.227 | PDLC03166,Specificity_I_00115, 1, 3.5e-07, 0.225, 0.18 | PDLC03166,Specificity_I_00115, 2, 0.0066, 0.153, 0.136 | PDLC03166,Specificity_I_00115, 3, 0.00038, 0.138, 0.119 | PDLC03098,Specificity_I_00047, 1, 2.4e-18, 0.415, 0.429 | PDLC03098,Specificity_I_00047, 2, 1.1e-16, 0.339, 0.345 | PDLC03188,Specificity_I_00137, 1, 8.4e-06, 0.216, 0.218 | PDLC03188,Specificity_I_00137, 2, 2.2e-06, 0.181, 0.183 | PDLC03056,Specificity_I_00005, 1, 130, 0.093, 0.075 | PDLC03056,Specificity_I_00005, 2, 0.00013, 0.225, 0.185 | PDLC03056,Specificity_I_00005, 3, 7.9e-05, 0.406, 0.331 | PDLC03056,Specificity_I_00005, 4, 3, 0.097, 0.063 | PDLC03195,Specificity_I_00144, 1, 3.5e-07, 0.322, 0.283 | PDLC03195,Specificity_I_00144, 2, 4.4e-05, 0.13, 0.117 | PDLC03080,Specificity_I_00029, 1, 2.4e-10, 0.341, 0.275 | PDLC03080,Specificity_I_00029, 2, 3.1e-10, 0.199, 0.158 | PDLC03169,Specificity_I_00118, 1, 5.5e-140, 0.996, 0.998 | PDLC03096,Specificity_I_00045, 1, 6.5e-16, 0.421, 0.307 | PDLC03096,Specificity_I_00045, 2, 2.3e-20, 0.406, 0.295 | PDLC03108,Specificity_I_00057, 1, 9.7e-16, 0.419, 0.436 | PDLC03108,Specificity_I_00057, 2, 8.9e-18, 0.544, 0.54 | PDLC03184,Specificity_I_00133, 1, 7.7, 0.108, 0.087 | PDLC03184,Specificity_I_00133, 2, 4.2e-05, 0.244, 0.197 | PDLC03075,Specificity_I_00024, 1, 0.027, 0.117, 0.133 | PDLC03075,Specificity_I_00024, 2, 230, 0.08, 0.091 | PDLC03140,Specificity_I_00089, 1, 1.3e-05, 0.328, 0.359 | PDLC03140,Specificity_I_00089, 2, 3.3e-13, 0.374, 0.423 | PDLC03157,Specificity_I_00106, 1, 0.02, 0.168, 0.207 | PDLC03157,Specificity_I_00106, 2, 0.0016, 0.194, 0.24 | PDLC03165,Specificity_I_00114, 1, 1.8e-15, 0.376, 0.436 | PDLC03165,Specificity_I_00114, 2, 9.9e-08, 0.266, 0.277 | PDLC03200,Specificity_I_00149, 1, 0.26, 0.227, 0.5 | PDLC03200,Specificity_I_00149, 2, 6.4, 0.052, 0.126 | PDLC03155,Specificity_I_00104, 1, 0.0013, 0.292, 0.267 | PDLC03155,Specificity_I_00104, 2, 0.21, 0.276, 0.254 | PDLC03154,Specificity_I_00103, 1, 2.3e-13, 0.348, 0.399 | PDLC03154,Specificity_I_00103, 2, 1.7e-08, 0.335, 0.379 | PDLC03113,Specificity_I_00062, 1, 3.9e-13, 0.879, 0.948 | PDLC03113,Specificity_I_00062, 2, 0.00033, 0.188, 0.209 | PDLC03178,Specificity_I_00127, 1, 7.7e-15, 0.378, 0.443 | PDLC03178,Specificity_I_00127, 2, 2.9e-11, 0.287, 0.324 | PDLC03095,Specificity_I_00044, 1, 2e-11, 0.343, 0.342 | PDLC03095,Specificity_I_00044, 2, 17, 0.244, 0.243 | PDLC03193,Specificity_I_00142, 1, 0.34, 0.149, 0.187 | PDLC03193,Specificity_I_00142, 2, 0.0041, 0.235, 0.279 | PDLC03109,Specificity_I_00058, 1, 1.7e-06, 0.246, 0.205 | PDLC03109,Specificity_I_00058, 2, 1.9e-14, 0.203, 0.159 | PDLC03109,Specificity_I_00058, 3, 1e-19, 0.54, 0.408 | PDLC03101,Specificity_I_00050, 1, 6.2e-13, 0.365, 0.423 | PDLC03101,Specificity_I_00050, 2, 8.7e-12, 0.41, 0.47 | PDLC03103,Specificity_I_00052, 1, 0.00085, 0.171, 0.202 | PDLC03103,Specificity_I_00052, 2, 2e-05, 0.199, 0.227 | PDLC03111,Specificity_I_00060, 1, 0.033, 0.097, 0.213 | PDLC03111,Specificity_I_00060, 2, 0.016, 0.143, 0.314 | PDLC03072,Specificity_I_00021, 1, 4.6e-26, 0.423, 0.455 | PDLC03072,Specificity_I_00021, 2, 1.9e-21, 0.419, 0.446 | PDLC03172,Specificity_I_00121, 1, 2.4e-17, 0.428, 0.473 | PDLC03172,Specificity_I_00121, 2, 3.9e-10, 0.356, 0.392 | PDLC03067,Specificity_I_00016, 1, 0.0031, 0.078, 0.094 | PDLC03067,Specificity_I_00016, 2, 0.22, 0.21, 0.248 | PDLC03171,Specificity_I_00120, 1, 5.4e-10, 0.421, 0.302 | PDLC03171,Specificity_I_00120, 2, 4.4e-07, 0.374, 0.254 | PDLC03083,Specificity_I_00032, 1, 5.3e-08, 0.166, 0.107 | PDLC03083,Specificity_I_00032, 2, 0.0064, 0.149, 0.096 | PDLC03084,Specificity_I_00033, 1, 2.5e-10, 0.369, 0.446 | PDLC03084,Specificity_I_00033, 2, 2.6e-07, 0.276, 0.832 | PDLC03097,Specificity_I_00046, 1, 4.2e-05, 0.302, 0.357 | PDLC03097,Specificity_I_00046, 2, 0.0015, 0.311, 0.364 | PDLC03097,Specificity_I_00046, 3, 0.0041, 0.177, 0.2 | PDLC03121,Specificity_I_00070, 1, 0.001, 0.352, 0.41 | PDLC03121,Specificity_I_00070, 2, 33, 0.233, 0.264 | PDLC03186,Specificity_I_00135, 1, 5.1e-11, 0.81, 0.883 | PDLC03170,Specificity_I_00119, 1, 0.038, 0.246, 0.261 | PDLC03170,Specificity_I_00119, 2, 140, 0.11, 0.117 | PDLC03064,Specificity_I_00013, 1, 1.1e-10, 0.324, 0.377 | PDLC03064,Specificity_I_00013, 2, 7.2e-10, 0.406, 0.452 | PDLC03122,Specificity_I_00071, 1, 0.0099, 0.143, 0.171 | PDLC03122,Specificity_I_00071, 2, 0.0034, 0.123, 0.147 | PDLC03117,Specificity_I_00066, 1, 1.9e-14, 0.417, 0.378 | PDLC03117,Specificity_I_00066, 2, 1.5e-10, 0.464, 0.417 | PDLC03120,Specificity_I_00069, 1, 6.4e-11, 0.354, 0.315 | PDLC03120,Specificity_I_00069, 2, 1.8, 0.048, 0.043 | PDLC03196,Specificity_I_00145, 1, 9.8e-18, 0.365, 0.216 | PDLC03196,Specificity_I_00145, 2, 9e-12, 0.341, 0.198 | PDLC03038,MTase_I_00021, 1, 6e-15, 0.305, 0.163 | PDLC03038,MTase_I_00021, 2, 5.6, 0.263, 0.137 | PDLC03074,Specificity_I_00023, 1, 0.086, 0.181, 0.208 | PDLC03074,Specificity_I_00023, 2, 0.029, 0.147, 0.167 | PDLC03105,Specificity_I_00054, 1, 4.1e-27, 0.423, 0.449 | PDLC03105,Specificity_I_00054, 2, 9.8e-16, 0.393, 0.413 | PDLC03128,Specificity_I_00077, 1, 0.0085, 0.147, 0.176 | PDLC03128,Specificity_I_00077, 2, 0.86, 0.199, 0.237 | PDLC03127,Specificity_I_00076, 1, 6.4e-10, 0.32, 0.275 | PDLC03127,Specificity_I_00076, 2, 4.5e-57, 0.749, 0.641 | PDLC03141,Specificity_I_00090, 1, 0.15, 0.121, 0.16 | PDLC03141,Specificity_I_00090, 2, 0.18, 0.121, 0.136 | PDLC03156,Specificity_I_00105, 1, 4.2e-15, 0.374, 0.436 | PDLC03156,Specificity_I_00105, 2, 7.9e-09, 0.292, 0.329 | PDLC03114,Specificity_I_00063, 1, 3.4e-09, 0.194, 0.202 | PDLC03114,Specificity_I_00063, 2, 9e-08, 0.162, 0.183 | PDLC03118,Specificity_I_00067, 1, 2.3e-10, 0.81, 0.887 | PDLC03054,Specificity_I_00003, 1, 4.6, 0.212, 0.267 | PDLC03054,Specificity_I_00003, 2, 3.8e-09, 0.734, 0.823 | PDLC03032,MTase_I_00015, 1, 4.7e-08, 0.298, 0.138 | PDLC03032,MTase_I_00015, 2, 7.2e-06, 0.359, 0.169 | PDLC03065,Specificity_I_00014, 1, 150, 0.084, 0.105 | PDLC03065,Specificity_I_00014, 2, 4.6, 0.11, 0.14 | PDLC03065,Specificity_I_00014, 3, 0.0053, 0.222, 0.267 | PDLC03106,Specificity_I_00055, 1, 270, 0.035, 0.035 | PDLC03106,Specificity_I_00055, 2, 5.6e-05, 0.151, 0.152 | PDLC03106,Specificity_I_00055, 3, 0.62, 0.127, 0.128 | PDLC03078,Specificity_I_00027, 1, 9.3e-14, 0.356, 0.399 | PDLC03078,Specificity_I_00027, 2, 2.9e-07, 0.343, 0.389 | PDLC03088,Specificity_I_00037, 1, 18, 0.134, 0.099 | PDLC03088,Specificity_I_00037, 2, 3.2e-08, 0.184, 0.131 | PDLC03088,Specificity_I_00037, 3, 3.3e-12, 0.231, 0.166 | PDLC03090,Specificity_I_00039, 1, 6.3e-21, 0.421, 0.454 | PDLC03090,Specificity_I_00039, 2, 4.2e-16, 0.428, 0.456 | PDLC03110,Specificity_I_00059, 1, 1.4e-07, 0.698, 0.492 | PDLC03167,Specificity_I_00116, 1, 4.1e-06, 0.4, 0.356 | PDLC03167,Specificity_I_00116, 2, 8.1e-14, 0.43, 0.378 | PDLC03176,Specificity_I_00125, 1, 5.9e-27, 0.985, 0.752 | PDLC03191,Specificity_I_00140, 1, 1.1e-06, 0.419, 0.924 | PDLC03191,Specificity_I_00140, 2, 0.044, 0.363, 0.376 | PDLC03134,Specificity_I_00083, 1, 2.9e-05, 0.164, 0.185 | PDLC03134,Specificity_I_00083, 2, 1.9e-09, 0.218, 0.241 | PDLC03134,Specificity_I_00083, 3, 2e-22, 0.423, 0.463 | PDLC03175,Specificity_I_00124, 1, 4.2e-13, 0.819, 0.872","PDLC03189, Specificity_I_00138, 4.7e-222, 0.996, 0.998 | PDLC03169, Specificity_I_00118, 5.5e-140, 0.996, 0.998 | PDLC03162, Specificity_I_00111, 9.1e-67, 0.931, 0.986 | PDLC03127, Specificity_I_00076, 4.5e-57, 0.749, 0.641 | PDLC03079, Specificity_I_00028, 1.5e-56, 0.894, 0.896"
15,9,RM_type_I,9_45,PDLC03026,MTase_I_00009,MTase_I,6.799999999999997e-207,7.599999999999997e-207,0.996,0.893,44315,45712,-,-,45,164,"PDLC03033,MTase_I_00016, 1, 0.008, 0.187, 0.165 | PDLC03033,MTase_I_00016, 2, 1.5e-09, 0.146, 0.129 | PDLC03025,MTase_I_00008, 1, 5.9e-57, 0.852, 0.664 | PDLC03027,MTase_I_00010, 1, 1.1e-29, 0.766, 0.449 | PDLC03020,MTase_I_00003, 1, 4.1, 0.129, 0.141 | PDLC03020,MTase_I_00003, 2, 3e-06, 0.479, 0.566 | PDLC03022,MTase_I_00005, 1, 1.8, 0.131, 0.069 | PDLC03022,MTase_I_00005, 2, 2.4e-22, 0.558, 0.308 | PDLC03023,MTase_I_00006, 1, 4.8, 0.079, 0.05 | PDLC03023,MTase_I_00006, 2, 0.032, 0.097, 0.063 | PDLC03019,MTase_I_00002, 1, 0.67, 0.086, 0.042 | PDLC03019,MTase_I_00002, 2, 3.1e-20, 0.665, 0.324 | PDLC03034,MTase_I_00017, 1, 2.3e-09, 0.333, 0.21 | PDLC03034,MTase_I_00017, 2, 9.6e-06, 0.155, 0.109 | PDLC03026,MTase_I_00009, 1, 7.6e-207, 0.996, 0.893 | PDLC03028,MTase_I_00011, 1, 2.9e-15, 0.408, 0.159 | PDLC03024,MTase_I_00007, 1, 5.7, 0.075, 0.054 | PDLC03024,MTase_I_00007, 2, 1.9, 0.086, 0.064 | PDLC03036,MTase_I_00019, 1, 580, 0.06, 0.046 | PDLC03036,MTase_I_00019, 2, 1.4e-40, 0.569, 0.406 | PDLC03031,MTase_I_00014, 1, 1.5e-22, 0.676, 0.391 | PDLC03018,MTase_I_00001, 1, 8.1e-10, 0.352, 0.212 | PDLC03018,MTase_I_00001, 2, 0.4, 0.135, 0.079 | PDLC03018,MTase_I_00001, 3, 5.1e-06, 0.176, 0.112 | PDLC03037,MTase_I_00020, 1, 2.4e-06, 0.307, 0.194 | PDLC03035,MTase_I_00018, 1, 3.2, 0.082, 0.06 | PDLC03035,MTase_I_00018, 2, 4.6e-22, 0.678, 0.478 | PDLC03038,MTase_I_00021, 1, 1.2e-19, 0.494, 0.254 | PDLC03021,MTase_I_00004, 1, 5e-81, 0.903, 0.886 | PDLC03032,MTase_I_00015, 1, 2e-26, 0.77, 0.368 | PDLC03029,MTase_I_00012, 1, 4.6e-23, 0.567, 0.419 | PDLC03030,MTase_I_00013, 1, 3.4e-06, 0.273, 0.206 | PDLC03030,MTase_I_00013, 2, 0.00033, 0.157, 0.112 | PDLC03039,MTase_I_00022, 1, 1.2e-18, 0.496, 0.323","PDLC03026, MTase_I_00009, 7.6e-207, 0.996, 0.893 | PDLC03021, MTase_I_00004, 5e-81, 0.903, 0.886 | PDLC03025, MTase_I_00008, 5.9e-57, 0.852, 0.664 | PDLC03036, MTase_I_00019, 1.4e-40, 0.569, 0.406 | PDLC03027, MTase_I_00010, 1.1e-29, 0.766, 0.449"
15,9,RM_type_I,9_46,PDLC03042,REase_I_00003,REase_I,0,0,0.998,0.998,45870,49379,-,-,46,164,"PDLC03042,REase_I_00003, 1, 0, 0.998, 0.998 | PDLC03045,REase_I_00006, 1, 9.7e-07, 0.155, 0.178 | PDLC03049,REase_I_00010, 1, 5.7, 0.037, 0.055 | PDLC03049,REase_I_00010, 2, 3.2e-48, 0.347, 0.467 | PDLC03048,REase_I_00009, 1, 630, 0.038, 0.042 | PDLC03048,REase_I_00009, 2, 3.7e-09, 0.097, 0.116 | PDLC03047,REase_I_00008, 1, 0.00021, 0.093, 0.101 | PDLC03047,REase_I_00008, 2, 0.016, 0.089, 0.083 | PDLC03047,REase_I_00008, 3, 7.9e-39, 0.379, 0.38","PDLC03042, REase_I_00003, 0, 0.998, 0.998 | PDLC03049, REase_I_00010, 3.2e-48, 0.347, 0.467 | PDLC03047, REase_I_00008, 7.9e-39, 0.379, 0.38 | PDLC03048, REase_I_00009, 3.7e-09, 0.097, 0.116 | PDLC03045, REase_I_00006, 9.7e-07, 0.155, 0.178"
16,9,RM_type_IV,9_47,PDLC03657,mREase_IV_00003,mREase_IV,1.7999999999999996e-137,1.9999999999999995e-137,0.993,0.991,49577,50491,+,-,47,164,"PDLC03657,mREase_IV_00003, 1, 2e-137, 0.993, 0.991 | PDLC03663,mREase_IV_00009, 1, 7.5e-08, 0.39, 0.211","PDLC03657, mREase_IV_00003, 2e-137, 0.993, 0.991 | PDLC03663, mREase_IV_00009, 7.5e-08, 0.39, 0.211"
